Date,Country,Lat,Long,Confirmed,Recovered,Deaths
Jan,Afghanistan,33.93911,67.709953,0,0,0
Jan,Albania,41.1533,20.1683,0,0,0
Jan,Algeria,28.0339,1.6596,0,0,0
Jan,Andorra,42.5063,1.5218,0,0,0
Jan,Angola,-11.2027,17.8739,0,0,0
Jan,Antigua and Barbuda,17.0608,-61.7964,0,0,0
Jan,Argentina,-38.4161,-63.6167,0,0,0
Jan,Armenia,40.0691,45.0382,0,0,0
Jan,Australia,-35.4735,149.0124,9,2,0
Jan,Austria,47.5162,14.5501,0,0,0
Jan,Azerbaijan,40.1431,47.5769,0,0,0
Jan,Bahamas,25.025885,-78.035889,0,0,0
Jan,Bahrain,26.0275,50.55,0,0,0
Jan,Bangladesh,23.685,90.3563,0,0,0
Jan,Barbados,13.1939,-59.5432,0,0,0
Jan,Belarus,53.7098,27.9534,0,0,0
Jan,Belgium,50.8333,4.469936,0,0,0
Jan,Belize,17.1899,-88.4976,0,0,0
Jan,Benin,9.3077,2.3158,0,0,0
Jan,Bhutan,27.5142,90.4336,0,0,0
Jan,Bolivia,-16.2902,-63.5887,0,0,0
Jan,Bosnia and Herzegovina,43.9159,17.6791,0,0,0
Jan,Botswana,-22.3285,24.6849,0,0,0
Jan,Brazil,-14.235,-51.9253,0,0,0
Jan,Brunei,4.5353,114.7277,0,0,0
Jan,Bulgaria,42.7339,25.4858,0,0,0
Jan,Burkina Faso,12.2383,-1.5616,0,0,0
Jan,Burma,21.9162,95.956,0,0,0
Jan,Burundi,-3.3731,29.9189,0,0,0
Jan,Cabo Verde,16.5388,-23.0418,0,0,0
Jan,Cambodia,11.55,104.9167,1,0,0
Jan,Cameroon,3.848,11.5021,0,0,0
Jan,Canada,53.9333,-116.5765,4,0,0
Jan,Central African Republic,6.6111,20.9394,0,0,0
Jan,Chad,15.4542,18.7322,0,0,0
Jan,Chile,-35.6751,-71.543,0,0,0
Jan,China,31.8257,117.2264,9802,214,213
Jan,Colombia,4.5709,-74.2973,0,0,0
Jan,Comoros,-11.6455,43.3333,0,0,0
Jan,Congo (Brazzaville),-0.228,15.8277,0,0,0
Jan,Congo (Kinshasa),-4.0383,21.7587,0,0,0
Jan,Costa Rica,9.7489,-83.7534,0,0,0
Jan,Cote d'Ivoire,7.54,-5.5471,0,0,0
Jan,Croatia,45.1,15.2,0,0,0
Jan,Cuba,21.521757,-77.781167,0,0,0
Jan,Cyprus,35.1264,33.4299,0,0,0
Jan,Czechia,49.8175,15.473,0,0,0
Jan,Denmark,56.2639,9.5018,0,0,0
Jan,Diamond Princess,0,0,0,0,0
Jan,Djibouti,11.8251,42.5903,0,0,0
Jan,Dominica,15.415,-61.371,0,0,0
Jan,Dominican Republic,18.7357,-70.1627,0,0,0
Jan,Ecuador,-1.8312,-78.1834,0,0,0
Jan,Egypt,26.820553,30.802498,0,0,0
Jan,El Salvador,13.7942,-88.8965,0,0,0
Jan,Equatorial Guinea,1.6508,10.2679,0,0,0
Jan,Eritrea,15.1794,39.7823,0,0,0
Jan,Estonia,58.5953,25.0136,0,0,0
Jan,Eswatini,-26.5225,31.4659,0,0,0
Jan,Ethiopia,9.145,40.4897,0,0,0
Jan,Fiji,-17.7134,178.065,0,0,0
Jan,Finland,61.92411,25.748151,1,0,0
Jan,France,46.2276,2.2137,5,0,0
Jan,Gabon,-0.8037,11.6094,0,0,0
Jan,Gambia,13.4432,-15.3101,0,0,0
Jan,Georgia,42.3154,43.3569,0,0,0
Jan,Germany,51.165691,10.451526,5,0,0
Jan,Ghana,7.9465,-1.0232,0,0,0
Jan,Greece,39.0742,21.8243,0,0,0
Jan,Grenada,12.1165,-61.679,0,0,0
Jan,Guatemala,15.7835,-90.2308,0,0,0
Jan,Guinea-Bissau,11.8037,-15.1804,0,0,0
Jan,Guinea,9.9456,-9.6966,0,0,0
Jan,Guyana,4.860416,-58.93018,0,0,0
Jan,Haiti,18.9712,-72.2852,0,0,0
Jan,Holy See,41.9029,12.4534,0,0,0
Jan,Honduras,15.2,-86.2419,0,0,0
Jan,Hungary,47.1625,19.5033,0,0,0
Jan,Iceland,64.9631,-19.0208,0,0,0
Jan,India,20.593684,78.96288,1,0,0
Jan,Indonesia,-0.7893,113.9213,0,0,0
Jan,Iran,32.427908,53.688046,0,0,0
Jan,Iraq,33.223191,43.679291,0,0,0
Jan,Ireland,53.1424,-7.6921,0,0,0
Jan,Israel,31.046051,34.851612,0,0,0
Jan,Italy,41.87194,12.56738,2,0,0
Jan,Jamaica,18.1096,-77.2975,0,0,0
Jan,Japan,36.204824,138.252924,15,1,0
Jan,Jordan,31.24,36.51,0,0,0
Jan,Kazakhstan,48.0196,66.9237,0,0,0
Jan,Kenya,-0.0236,37.9062,0,0,0
Jan,Korea South,35.907757,127.766922,11,0,0
Jan,Kosovo,42.602636,20.902977,0,0,0
Jan,Kuwait,29.31166,47.481766,0,0,0
Jan,Kyrgyzstan,41.20438,74.766098,0,0,0
Jan,Laos,19.85627,102.495496,0,0,0
Jan,Latvia,56.8796,24.6032,0,0,0
Jan,Lebanon,33.8547,35.8623,0,0,0
Jan,Lesotho,-29.61,28.2336,0,0,0
Jan,Liberia,6.428055,-9.429499,0,0,0
Jan,Libya,26.3351,17.228331,0,0,0
Jan,Liechtenstein,47.14,9.55,0,0,0
Jan,Lithuania,55.1694,23.8813,0,0,0
Jan,Luxembourg,49.8153,6.1296,0,0,0
Jan,MS Zaandam,0,0,0,0,0
Jan,Madagascar,-18.766947,46.869107,0,0,0
Jan,Malawi,-13.2543,34.3015,0,0,0
Jan,Malaysia,4.210484,101.975766,8,0,0
Jan,Maldives,3.2028,73.2207,0,0,0
Jan,Mali,17.570692,-3.996166,0,0,0
Jan,Malta,35.9375,14.3754,0,0,0
Jan,Mauritania,21.0079,-10.9408,0,0,0
Jan,Mauritius,-20.348404,57.552152,0,0,0
Jan,Mexico,23.6345,-102.5528,0,0,0
Jan,Moldova,47.4116,28.3699,0,0,0
Jan,Monaco,43.7333,7.4167,0,0,0
Jan,Mongolia,46.8625,103.8467,0,0,0
Jan,Montenegro,42.708678,19.37439,0,0,0
Jan,Morocco,31.7917,-7.0926,0,0,0
Jan,Mozambique,-18.665695,35.529562,0,0,0
Jan,Namibia,-22.9576,18.4904,0,0,0
Jan,Nepal,28.1667,84.25,1,0,0
Jan,Netherlands,52.1326,5.2913,0,0,0
Jan,New Zealand,-40.9006,174.886,0,0,0
Jan,Nicaragua,12.865416,-85.207229,0,0,0
Jan,Niger,17.607789,8.081666,0,0,0
Jan,Nigeria,9.082,8.6753,0,0,0
Jan,North Macedonia,41.6086,21.7453,0,0,0
Jan,Norway,60.472,8.4689,0,0,0
Jan,Oman,21.512583,55.923255,0,0,0
Jan,Pakistan,30.3753,69.3451,0,0,0
Jan,Panama,8.538,-80.7821,0,0,0
Jan,Papua New Guinea,-6.314993,143.95555,0,0,0
Jan,Paraguay,-23.4425,-58.4438,0,0,0
Jan,Peru,-9.19,-75.0152,0,0,0
Jan,Philippines,12.879721,121.774017,1,0,0
Jan,Poland,51.9194,19.1451,0,0,0
Jan,Portugal,39.3999,-8.2245,0,0,0
Jan,Qatar,25.3548,51.1839,0,0,0
Jan,Romania,45.9432,24.9668,0,0,0
Jan,Russia,61.52401,105.318756,2,0,0
Jan,Rwanda,-1.9403,29.8739,0,0,0
Jan,Saint Kitts and Nevis,17.357822,-62.782998,0,0,0
Jan,Saint Lucia,13.9094,-60.9789,0,0,0
Jan,Saint Vincent and the Grenadines,12.9843,-61.2872,0,0,0
Jan,San Marino,43.9424,12.4578,0,0,0
Jan,Sao Tome and Principe,0.1864,6.6131,0,0,0
Jan,Saudi Arabia,23.885942,45.079162,0,0,0
Jan,Senegal,14.4974,-14.4524,0,0,0
Jan,Serbia,44.0165,21.0059,0,0,0
Jan,Seychelles,-4.6796,55.492,0,0,0
Jan,Sierra Leone,8.460555,-11.779889,0,0,0
Jan,Singapore,1.2833,103.8333,13,0,0
Jan,Slovakia,48.669,19.699,0,0,0
Jan,Slovenia,46.1512,14.9955,0,0,0
Jan,Somalia,5.152149,46.199616,0,0,0
Jan,South Africa,-30.5595,22.9375,0,0,0
Jan,South Sudan,6.877,31.307,0,0,0
Jan,Spain,40.463667,-3.74922,0,0,0
Jan,Sri Lanka,7.873054,80.771797,1,0,0
Jan,Sudan,12.8628,30.2176,0,0,0
Jan,Suriname,3.9193,-56.0278,0,0,0
Jan,Sweden,60.128161,18.643501,1,0,0
Jan,Switzerland,46.8182,8.2275,0,0,0
Jan,Syria,34.802075,38.996815,0,0,0
Jan,Taiwan,23.7,121,10,0,0
Jan,Tajikistan,38.861,71.2761,0,0,0
Jan,Tanzania,-6.369028,34.888822,0,0,0
Jan,Thailand,15.870032,100.992541,19,5,0
Jan,Timor-Leste,-8.874217,125.727539,0,0,0
Jan,Togo,8.6195,0.8248,0,0,0
Jan,Trinidad and Tobago,10.6918,-61.2225,0,0,0
Jan,Tunisia,33.886917,9.537499,0,0,0
Jan,Turkey,38.9637,35.2433,0,0,0
Jan,United States,40,-100,7,0,0
Jan,Uganda,1.373333,32.290275,0,0,0
Jan,Ukraine,48.3794,31.1656,0,0,0
Jan,United Arab Emirates,23.424076,53.847818,4,0,0
Jan,United Kingdom,55.3781,-3.436,2,0,0
Jan,Uruguay,-32.5228,-55.7658,0,0,0
Jan,Uzbekistan,41.377491,64.585262,0,0,0
Jan,Venezuela,6.4238,-66.5897,0,0,0
Jan,Vietnam,14.058324,108.277199,2,0,0
Jan,West Bank and Gaza,31.9522,35.2332,0,0,0
Jan,Western Sahara,24.2155,-12.8858,0,0,0
Jan,Yemen,15.552727,48.516388,0,0,0
Jan,Zambia,-13.133897,27.849332,0,0,0
Jan,Zimbabwe,-19.015438,29.154857,0,0,0
Feb,Afghanistan,33.93911,67.709953,1,0,0
Feb,Albania,41.1533,20.1683,0,0,0
Feb,Algeria,28.0339,1.6596,1,0,0
Feb,Andorra,42.5063,1.5218,0,0,0
Feb,Angola,-11.2027,17.8739,0,0,0
Feb,Antigua and Barbuda,17.0608,-61.7964,0,0,0
Feb,Argentina,-38.4161,-63.6167,0,0,0
Feb,Armenia,40.0691,45.0382,0,0,0
Feb,Australia,-35.4735,149.0124,25,11,0
Feb,Austria,47.5162,14.5501,9,0,0
Feb,Azerbaijan,40.1431,47.5769,0,0,0
Feb,Bahamas,25.025885,-78.035889,0,0,0
Feb,Bahrain,26.0275,50.55,41,0,0
Feb,Bangladesh,23.685,90.3563,0,0,0
Feb,Barbados,13.1939,-59.5432,0,0,0
Feb,Belarus,53.7098,27.9534,1,0,0
Feb,Belgium,50.8333,4.469936,1,1,0
Feb,Belize,17.1899,-88.4976,0,0,0
Feb,Benin,9.3077,2.3158,0,0,0
Feb,Bhutan,27.5142,90.4336,0,0,0
Feb,Bolivia,-16.2902,-63.5887,0,0,0
Feb,Bosnia and Herzegovina,43.9159,17.6791,0,0,0
Feb,Botswana,-22.3285,24.6849,0,0,0
Feb,Brazil,-14.235,-51.9253,2,0,0
Feb,Brunei,4.5353,114.7277,0,0,0
Feb,Bulgaria,42.7339,25.4858,0,0,0
Feb,Burkina Faso,12.2383,-1.5616,0,0,0
Feb,Burma,21.9162,95.956,0,0,0
Feb,Burundi,-3.3731,29.9189,0,0,0
Feb,Cabo Verde,16.5388,-23.0418,0,0,0
Feb,Cambodia,11.55,104.9167,1,1,0
Feb,Cameroon,3.848,11.5021,0,0,0
Feb,Canada,53.9333,-116.5765,20,6,0
Feb,Central African Republic,6.6111,20.9394,0,0,0
Feb,Chad,15.4542,18.7322,0,0,0
Feb,Chile,-35.6751,-71.543,2,0,0
Feb,China,31.8257,117.2264,79356,39320,2837
Feb,Colombia,4.5709,-74.2973,0,0,0
Feb,Comoros,-11.6455,43.3333,0,0,0
Feb,Congo (Brazzaville),-0.228,15.8277,0,0,0
Feb,Congo (Kinshasa),-4.0383,21.7587,0,0,0
Feb,Costa Rica,9.7489,-83.7534,0,0,0
Feb,Cote d'Ivoire,7.54,-5.5471,0,0,0
Feb,Croatia,45.1,15.2,6,0,0
Feb,Cuba,21.521757,-77.781167,0,0,0
Feb,Cyprus,35.1264,33.4299,0,0,0
Feb,Czechia,49.8175,15.473,0,0,0
Feb,Denmark,56.2639,9.5018,3,0,0
Feb,Diamond Princess,0,0,705,10,6
Feb,Djibouti,11.8251,42.5903,0,0,0
Feb,Dominica,15.415,-61.371,0,0,0
Feb,Dominican Republic,18.7357,-70.1627,0,0,0
Feb,Ecuador,-1.8312,-78.1834,0,0,0
Feb,Egypt,26.820553,30.802498,1,1,0
Feb,El Salvador,13.7942,-88.8965,0,0,0
Feb,Equatorial Guinea,1.6508,10.2679,0,0,0
Feb,Eritrea,15.1794,39.7823,0,0,0
Feb,Estonia,58.5953,25.0136,1,0,0
Feb,Eswatini,-26.5225,31.4659,0,0,0
Feb,Ethiopia,9.145,40.4897,0,0,0
Feb,Fiji,-17.7134,178.065,0,0,0
Feb,Finland,61.92411,25.748151,3,1,0
Feb,France,46.2276,2.2137,100,12,2
Feb,Gabon,-0.8037,11.6094,0,0,0
Feb,Gambia,13.4432,-15.3101,0,0,0
Feb,Georgia,42.3154,43.3569,1,0,0
Feb,Germany,51.165691,10.451526,79,16,0
Feb,Ghana,7.9465,-1.0232,0,0,0
Feb,Greece,39.0742,21.8243,4,0,0
Feb,Grenada,12.1165,-61.679,0,0,0
Feb,Guatemala,15.7835,-90.2308,0,0,0
Feb,Guinea-Bissau,11.8037,-15.1804,0,0,0
Feb,Guinea,9.9456,-9.6966,0,0,0
Feb,Guyana,4.860416,-58.93018,0,0,0
Feb,Haiti,18.9712,-72.2852,0,0,0
Feb,Holy See,41.9029,12.4534,0,0,0
Feb,Honduras,15.2,-86.2419,0,0,0
Feb,Hungary,47.1625,19.5033,0,0,0
Feb,Iceland,64.9631,-19.0208,1,0,0
Feb,India,20.593684,78.96288,3,3,0
Feb,Indonesia,-0.7893,113.9213,0,0,0
Feb,Iran,32.427908,53.688046,593,123,43
Feb,Iraq,33.223191,43.679291,13,0,0
Feb,Ireland,53.1424,-7.6921,1,0,0
Feb,Israel,31.046051,34.851612,7,1,0
Feb,Italy,41.87194,12.56738,1128,46,29
Feb,Jamaica,18.1096,-77.2975,0,0,0
Feb,Japan,36.204824,138.252924,245,32,6
Feb,Jordan,31.24,36.51,0,0,0
Feb,Kazakhstan,48.0196,66.9237,0,0,0
Feb,Kenya,-0.0236,37.9062,0,0,0
Feb,Korea South,35.907757,127.766922,3150,27,16
Feb,Kosovo,42.602636,20.902977,0,0,0
Feb,Kuwait,29.31166,47.481766,45,0,0
Feb,Kyrgyzstan,41.20438,74.766098,0,0,0
Feb,Laos,19.85627,102.495496,0,0,0
Feb,Latvia,56.8796,24.6032,0,0,0
Feb,Lebanon,33.8547,35.8623,4,0,0
Feb,Lesotho,-29.61,28.2336,0,0,0
Feb,Liberia,6.428055,-9.429499,0,0,0
Feb,Libya,26.3351,17.228331,0,0,0
Feb,Liechtenstein,47.14,9.55,0,0,0
Feb,Lithuania,55.1694,23.8813,1,0,0
Feb,Luxembourg,49.8153,6.1296,1,0,0
Feb,MS Zaandam,0,0,0,0,0
Feb,Madagascar,-18.766947,46.869107,0,0,0
Feb,Malawi,-13.2543,34.3015,0,0,0
Feb,Malaysia,4.210484,101.975766,25,18,0
Feb,Maldives,3.2028,73.2207,0,0,0
Feb,Mali,17.570692,-3.996166,0,0,0
Feb,Malta,35.9375,14.3754,0,0,0
Feb,Mauritania,21.0079,-10.9408,0,0,0
Feb,Mauritius,-20.348404,57.552152,0,0,0
Feb,Mexico,23.6345,-102.5528,4,0,0
Feb,Moldova,47.4116,28.3699,0,0,0
Feb,Monaco,43.7333,7.4167,1,0,0
Feb,Mongolia,46.8625,103.8467,0,0,0
Feb,Montenegro,42.708678,19.37439,0,0,0
Feb,Morocco,31.7917,-7.0926,0,0,0
Feb,Mozambique,-18.665695,35.529562,0,0,0
Feb,Namibia,-22.9576,18.4904,0,0,0
Feb,Nepal,28.1667,84.25,1,1,0
Feb,Netherlands,52.1326,5.2913,6,0,0
Feb,New Zealand,-40.9006,174.886,1,0,0
Feb,Nicaragua,12.865416,-85.207229,0,0,0
Feb,Niger,17.607789,8.081666,0,0,0
Feb,Nigeria,9.082,8.6753,1,0,0
Feb,North Macedonia,41.6086,21.7453,1,0,0
Feb,Norway,60.472,8.4689,15,0,0
Feb,Oman,21.512583,55.923255,6,1,0
Feb,Pakistan,30.3753,69.3451,4,0,0
Feb,Panama,8.538,-80.7821,0,0,0
Feb,Papua New Guinea,-6.314993,143.95555,0,0,0
Feb,Paraguay,-23.4425,-58.4438,0,0,0
Feb,Peru,-9.19,-75.0152,0,0,0
Feb,Philippines,12.879721,121.774017,3,1,1
Feb,Poland,51.9194,19.1451,0,0,0
Feb,Portugal,39.3999,-8.2245,0,0,0
Feb,Qatar,25.3548,51.1839,1,0,0
Feb,Romania,45.9432,24.9668,3,0,0
Feb,Russia,61.52401,105.318756,2,2,0
Feb,Rwanda,-1.9403,29.8739,0,0,0
Feb,Saint Kitts and Nevis,17.357822,-62.782998,0,0,0
Feb,Saint Lucia,13.9094,-60.9789,0,0,0
Feb,Saint Vincent and the Grenadines,12.9843,-61.2872,0,0,0
Feb,San Marino,43.9424,12.4578,1,0,0
Feb,Sao Tome and Principe,0.1864,6.6131,0,0,0
Feb,Saudi Arabia,23.885942,45.079162,0,0,0
Feb,Senegal,14.4974,-14.4524,0,0,0
Feb,Serbia,44.0165,21.0059,0,0,0
Feb,Seychelles,-4.6796,55.492,0,0,0
Feb,Sierra Leone,8.460555,-11.779889,0,0,0
Feb,Singapore,1.2833,103.8333,102,72,0
Feb,Slovakia,48.669,19.699,0,0,0
Feb,Slovenia,46.1512,14.9955,0,0,0
Feb,Somalia,5.152149,46.199616,0,0,0
Feb,South Africa,-30.5595,22.9375,0,0,0
Feb,South Sudan,6.877,31.307,0,0,0
Feb,Spain,40.463667,-3.74922,45,2,0
Feb,Sri Lanka,7.873054,80.771797,1,1,0
Feb,Sudan,12.8628,30.2176,0,0,0
Feb,Suriname,3.9193,-56.0278,0,0,0
Feb,Sweden,60.128161,18.643501,12,0,0
Feb,Switzerland,46.8182,8.2275,18,0,0
Feb,Syria,34.802075,38.996815,0,0,0
Feb,Taiwan,23.7,121,39,9,1
Feb,Tajikistan,38.861,71.2761,0,0,0
Feb,Tanzania,-6.369028,34.888822,0,0,0
Feb,Thailand,15.870032,100.992541,42,28,0
Feb,Timor-Leste,-8.874217,125.727539,0,0,0
Feb,Togo,8.6195,0.8248,0,0,0
Feb,Trinidad and Tobago,10.6918,-61.2225,0,0,0
Feb,Tunisia,33.886917,9.537499,0,0,0
Feb,Turkey,38.9637,35.2433,0,0,0
Feb,United States,40,-100,24,7,1
Feb,Uganda,1.373333,32.290275,0,0,0
Feb,Ukraine,48.3794,31.1656,0,0,0
Feb,United Arab Emirates,23.424076,53.847818,21,5,0
Feb,United Kingdom,55.3781,-3.436,61,8,0
Feb,Uruguay,-32.5228,-55.7658,0,0,0
Feb,Uzbekistan,41.377491,64.585262,0,0,0
Feb,Venezuela,6.4238,-66.5897,0,0,0
Feb,Vietnam,14.058324,108.277199,16,16,0
Feb,West Bank and Gaza,31.9522,35.2332,0,0,0
Feb,Western Sahara,24.2155,-12.8858,0,0,0
Feb,Yemen,15.552727,48.516388,0,0,0
Feb,Zambia,-13.133897,27.849332,0,0,0
Feb,Zimbabwe,-19.015438,29.154857,0,0,0
Mar,Afghanistan,33.93911,67.709953,174,5,4
Mar,Albania,41.1533,20.1683,243,52,15
Mar,Algeria,28.0339,1.6596,716,46,44
Mar,Andorra,42.5063,1.5218,376,10,12
Mar,Angola,-11.2027,17.8739,7,1,2
Mar,Antigua and Barbuda,17.0608,-61.7964,7,0,0
Mar,Argentina,-38.4161,-63.6167,1054,240,27
Mar,Armenia,40.0691,45.0382,532,30,3
Mar,Australia,-35.4735,149.0124,4559,358,18
Mar,Austria,47.5162,14.5501,10180,1095,128
Mar,Azerbaijan,40.1431,47.5769,298,26,5
Mar,Bahamas,25.025885,-78.035889,14,1,0
Mar,Bahrain,26.0275,50.55,567,295,4
Mar,Bangladesh,23.685,90.3563,51,25,5
Mar,Barbados,13.1939,-59.5432,34,0,0
Mar,Belarus,53.7098,27.9534,152,47,1
Mar,Belgium,50.8333,4.469936,12775,1696,705
Mar,Belize,17.1899,-88.4976,3,0,0
Mar,Benin,9.3077,2.3158,9,1,0
Mar,Bhutan,27.5142,90.4336,4,0,0
Mar,Bolivia,-16.2902,-63.5887,107,0,6
Mar,Bosnia and Herzegovina,43.9159,17.6791,420,17,13
Mar,Botswana,-22.3285,24.6849,4,0,1
Mar,Brazil,-14.235,-51.9253,5717,127,201
Mar,Brunei,4.5353,114.7277,129,45,1
Mar,Bulgaria,42.7339,25.4858,399,17,8
Mar,Burkina Faso,12.2383,-1.5616,261,32,14
Mar,Burma,21.9162,95.956,15,0,1
Mar,Burundi,-3.3731,29.9189,2,0,0
Mar,Cabo Verde,16.5388,-23.0418,6,0,1
Mar,Cambodia,11.55,104.9167,109,23,0
Mar,Cameroon,3.848,11.5021,193,5,6
Mar,Canada,53.9333,-116.5765,8527,1592,101
Mar,Central African Republic,6.6111,20.9394,3,0,0
Mar,Chad,15.4542,18.7322,7,0,0
Mar,Chile,-35.6751,-71.543,2844,156,12
Mar,China,31.8257,117.2264,82279,76206,3309
Mar,Colombia,4.5709,-74.2973,906,31,16
Mar,Comoros,-11.6455,43.3333,0,0,0
Mar,Congo (Brazzaville),-0.228,15.8277,19,0,0
Mar,Congo (Kinshasa),-4.0383,21.7587,98,2,8
Mar,Costa Rica,9.7489,-83.7534,347,4,2
Mar,Cote d'Ivoire,7.54,-5.5471,179,7,1
Mar,Croatia,45.1,15.2,867,67,6
Mar,Cuba,21.521757,-77.781167,186,8,6
Mar,Cyprus,35.1264,33.4299,262,23,8
Mar,Czechia,49.8175,15.473,3308,45,31
Mar,Denmark,56.2639,9.5018,3039,77,90
Mar,Diamond Princess,0,0,712,603,10
Mar,Djibouti,11.8251,42.5903,30,0,0
Mar,Dominica,15.415,-61.371,12,0,0
Mar,Dominican Republic,18.7357,-70.1627,1109,5,51
Mar,Ecuador,-1.8312,-78.1834,2240,54,75
Mar,Egypt,26.820553,30.802498,710,157,46
Mar,El Salvador,13.7942,-88.8965,32,0,1
Mar,Equatorial Guinea,1.6508,10.2679,12,1,0
Mar,Eritrea,15.1794,39.7823,15,0,0
Mar,Estonia,58.5953,25.0136,745,26,4
Mar,Eswatini,-26.5225,31.4659,9,0,0
Mar,Ethiopia,9.145,40.4897,26,2,0
Mar,Fiji,-17.7134,178.065,5,0,0
Mar,Finland,61.92411,25.748151,1418,10,17
Mar,France,46.2276,2.2137,52827,9513,3532
Mar,Gabon,-0.8037,11.6094,16,0,1
Mar,Gambia,13.4432,-15.3101,4,0,1
Mar,Georgia,42.3154,43.3569,110,21,0
Mar,Germany,51.165691,10.451526,71808,16100,775
Mar,Ghana,7.9465,-1.0232,161,31,5
Mar,Greece,39.0742,21.8243,1314,52,49
Mar,Grenada,12.1165,-61.679,9,0,0
Mar,Guatemala,15.7835,-90.2308,38,12,1
Mar,Guinea-Bissau,11.8037,-15.1804,8,0,0
Mar,Guinea,9.9456,-9.6966,22,0,0
Mar,Guyana,4.860416,-58.93018,12,0,2
Mar,Haiti,18.9712,-72.2852,15,1,0
Mar,Holy See,41.9029,12.4534,6,0,0
Mar,Honduras,15.2,-86.2419,141,3,7
Mar,Hungary,47.1625,19.5033,492,37,16
Mar,Iceland,64.9631,-19.0208,1135,198,2
Mar,India,20.593684,78.96288,1397,123,35
Mar,Indonesia,-0.7893,113.9213,1528,81,136
Mar,Iran,32.427908,53.688046,44605,14656,2898
Mar,Iraq,33.223191,43.679291,694,170,50
Mar,Ireland,53.1424,-7.6921,3235,5,71
Mar,Israel,31.046051,34.851612,5358,224,20
Mar,Italy,41.87194,12.56738,105792,15729,12428
Mar,Jamaica,18.1096,-77.2975,36,2,1
Mar,Japan,36.204824,138.252924,2255,424,67
Mar,Jordan,31.24,36.51,274,30,5
Mar,Kazakhstan,48.0196,66.9237,343,24,2
Mar,Kenya,-0.0236,37.9062,59,1,1
Mar,Korea South,35.907757,127.766922,9786,5408,162
Mar,Kosovo,42.602636,20.902977,112,6,1
Mar,Kuwait,29.31166,47.481766,289,73,0
Mar,Kyrgyzstan,41.20438,74.766098,107,3,0
Mar,Laos,19.85627,102.495496,9,0,0
Mar,Latvia,56.8796,24.6032,398,1,0
Mar,Lebanon,33.8547,35.8623,470,37,12
Mar,Lesotho,-29.61,28.2336,0,0,0
Mar,Liberia,6.428055,-9.429499,3,0,0
Mar,Libya,26.3351,17.228331,10,1,0
Mar,Liechtenstein,47.14,9.55,68,44,0
Mar,Lithuania,55.1694,23.8813,537,7,8
Mar,Luxembourg,49.8153,6.1296,2178,80,23
Mar,MS Zaandam,0,0,2,0,0
Mar,Madagascar,-18.766947,46.869107,57,0,0
Mar,Malawi,-13.2543,34.3015,0,0,0
Mar,Malaysia,4.210484,101.975766,2766,537,43
Mar,Maldives,3.2028,73.2207,18,13,0
Mar,Mali,17.570692,-3.996166,28,0,2
Mar,Malta,35.9375,14.3754,169,2,0
Mar,Mauritania,21.0079,-10.9408,6,2,1
Mar,Mauritius,-20.348404,57.552152,143,0,5
Mar,Mexico,23.6345,-102.5528,1215,35,29
Mar,Moldova,47.4116,28.3699,353,18,4
Mar,Monaco,43.7333,7.4167,52,2,1
Mar,Mongolia,46.8625,103.8467,12,2,0
Mar,Montenegro,42.708678,19.37439,109,0,2
Mar,Morocco,31.7917,-7.0926,617,24,36
Mar,Mozambique,-18.665695,35.529562,8,0,0
Mar,Namibia,-22.9576,18.4904,11,2,0
Mar,Nepal,28.1667,84.25,5,1,0
Mar,Netherlands,52.1326,5.2913,12667,3,1040
Mar,New Zealand,-40.9006,174.886,647,74,1
Mar,Nicaragua,12.865416,-85.207229,5,0,1
Mar,Niger,17.607789,8.081666,27,0,3
Mar,Nigeria,9.082,8.6753,135,8,2
Mar,North Macedonia,41.6086,21.7453,329,12,9
Mar,Norway,60.472,8.4689,4641,13,39
Mar,Oman,21.512583,55.923255,192,34,1
Mar,Pakistan,30.3753,69.3451,2118,94,27
Mar,Panama,8.538,-80.7821,1181,9,30
Mar,Papua New Guinea,-6.314993,143.95555,1,0,0
Mar,Paraguay,-23.4425,-58.4438,65,1,3
Mar,Peru,-9.19,-75.0152,1065,394,30
Mar,Philippines,12.879721,121.774017,2084,49,88
Mar,Poland,51.9194,19.1451,2311,7,33
Mar,Portugal,39.3999,-8.2245,7443,43,160
Mar,Qatar,25.3548,51.1839,781,62,2
Mar,Romania,45.9432,24.9668,2245,220,82
Mar,Russia,61.52401,105.318756,2337,121,17
Mar,Rwanda,-1.9403,29.8739,75,0,0
Mar,Saint Kitts and Nevis,17.357822,-62.782998,8,0,0
Mar,Saint Lucia,13.9094,-60.9789,13,1,0
Mar,Saint Vincent and the Grenadines,12.9843,-61.2872,1,1,0
Mar,San Marino,43.9424,12.4578,236,13,26
Mar,Sao Tome and Principe,0.1864,6.6131,0,0,0
Mar,Saudi Arabia,23.885942,45.079162,1563,165,10
Mar,Senegal,14.4974,-14.4524,175,40,0
Mar,Serbia,44.0165,21.0059,900,0,16
Mar,Seychelles,-4.6796,55.492,10,0,0
Mar,Sierra Leone,8.460555,-11.779889,1,0,0
Mar,Singapore,1.2833,103.8333,926,240,3
Mar,Slovakia,48.669,19.699,363,3,0
Mar,Slovenia,46.1512,14.9955,802,10,15
Mar,Somalia,5.152149,46.199616,5,1,0
Mar,South Africa,-30.5595,22.9375,1353,31,5
Mar,South Sudan,6.877,31.307,0,0,0
Mar,Spain,40.463667,-3.74922,95923,19259,8464
Mar,Sri Lanka,7.873054,80.771797,143,17,2
Mar,Sudan,12.8628,30.2176,7,1,2
Mar,Suriname,3.9193,-56.0278,9,0,0
Mar,Sweden,60.128161,18.643501,4435,0,180
Mar,Switzerland,46.8182,8.2275,16605,1823,433
Mar,Syria,34.802075,38.996815,10,0,2
Mar,Taiwan,23.7,121,322,39,5
Mar,Tajikistan,38.861,71.2761,0,0,0
Mar,Tanzania,-6.369028,34.888822,19,1,1
Mar,Thailand,15.870032,100.992541,1651,342,10
Mar,Timor-Leste,-8.874217,125.727539,1,0,0
Mar,Togo,8.6195,0.8248,34,10,1
Mar,Trinidad and Tobago,10.6918,-61.2225,87,1,3
Mar,Tunisia,33.886917,9.537499,394,3,10
Mar,Turkey,38.9637,35.2433,13531,243,214
Mar,United States,40,-100,188724,7024,5605
Mar,Uganda,1.373333,32.290275,44,0,0
Mar,Ukraine,48.3794,31.1656,645,10,17
Mar,United Arab Emirates,23.424076,53.847818,664,61,6
Mar,United Kingdom,55.3781,-3.436,38815,179,2430
Mar,Uruguay,-32.5228,-55.7658,338,41,1
Mar,Uzbekistan,41.377491,64.585262,172,7,2
Mar,Venezuela,6.4238,-66.5897,135,39,3
Mar,Vietnam,14.058324,108.277199,212,58,0
Mar,West Bank and Gaza,31.9522,35.2332,119,18,1
Mar,Western Sahara,24.2155,-12.8858,0,0,0
Mar,Yemen,15.552727,48.516388,0,0,0
Mar,Zambia,-13.133897,27.849332,35,0,0
Mar,Zimbabwe,-19.015438,29.154857,8,0,1
Apr,Afghanistan,33.93911,67.709953,2171,260,64
Apr,Albania,41.1533,20.1683,773,470,31
Apr,Algeria,28.0339,1.6596,4006,1779,450
Apr,Andorra,42.5063,1.5218,745,468,42
Apr,Angola,-11.2027,17.8739,27,7,2
Apr,Antigua and Barbuda,17.0608,-61.7964,24,11,3
Apr,Argentina,-38.4161,-63.6167,4428,1256,218
Apr,Armenia,40.0691,45.0382,2066,929,32
Apr,Australia,-35.4735,149.0124,6766,5742,93
Apr,Austria,47.5162,14.5501,15452,12907,584
Apr,Azerbaijan,40.1431,47.5769,1804,1325,24
Apr,Bahamas,25.025885,-78.035889,81,25,11
Apr,Bahrain,26.0275,50.55,3040,1500,8
Apr,Bangladesh,23.685,90.3563,7667,160,168
Apr,Barbados,13.1939,-59.5432,81,39,7
Apr,Belarus,53.7098,27.9534,14027,2386,89
Apr,Belgium,50.8333,4.469936,48519,11576,7594
Apr,Belize,17.1899,-88.4976,18,9,2
Apr,Benin,9.3077,2.3158,64,33,1
Apr,Bhutan,27.5142,90.4336,7,5,0
Apr,Bolivia,-16.2902,-63.5887,1167,132,62
Apr,Bosnia and Herzegovina,43.9159,17.6791,1757,727,69
Apr,Botswana,-22.3285,24.6849,23,5,1
Apr,Brazil,-14.235,-51.9253,87187,35935,6006
Apr,Brunei,4.5353,114.7277,138,124,1
Apr,Bulgaria,42.7339,25.4858,1506,266,66
Apr,Burkina Faso,12.2383,-1.5616,645,506,43
Apr,Burma,21.9162,95.956,151,27,6
Apr,Burundi,-3.3731,29.9189,11,4,1
Apr,Cabo Verde,16.5388,-23.0418,121,4,1
Apr,Cambodia,11.55,104.9167,122,119,0
Apr,Cameroon,3.848,11.5021,1832,934,61
Apr,Canada,53.9333,-116.5765,54457,21424,3310
Apr,Central African Republic,6.6111,20.9394,50,10,0
Apr,Chad,15.4542,18.7322,73,33,5
Apr,Chile,-35.6751,-71.543,17702,8580,227
Apr,China,31.8257,117.2264,83956,78523,4637
Apr,Colombia,4.5709,-74.2973,6507,1439,293
Apr,Comoros,-11.6455,43.3333,1,0,0
Apr,Congo (Brazzaville),-0.228,15.8277,220,19,9
Apr,Congo (Kinshasa),-4.0383,21.7587,572,73,31
Apr,Costa Rica,9.7489,-83.7534,719,338,6
Apr,Cote d'Ivoire,7.54,-5.5471,1275,574,14
Apr,Croatia,45.1,15.2,2076,1348,69
Apr,Cuba,21.521757,-77.781167,1501,681,61
Apr,Cyprus,35.1264,33.4299,850,296,15
Apr,Czechia,49.8175,15.473,7682,3314,236
Apr,Denmark,56.2639,9.5018,9356,6741,452
Apr,Diamond Princess,0,0,712,645,13
Apr,Djibouti,11.8251,42.5903,1089,642,2
Apr,Dominica,15.415,-61.371,16,13,0
Apr,Dominican Republic,18.7357,-70.1627,6972,1301,301
Apr,Ecuador,-1.8312,-78.1834,24934,1558,900
Apr,Egypt,26.820553,30.802498,5537,1381,392
Apr,El Salvador,13.7942,-88.8965,395,119,10
Apr,Equatorial Guinea,1.6508,10.2679,315,9,1
Apr,Eritrea,15.1794,39.7823,39,26,0
Apr,Estonia,58.5953,25.0136,1689,249,52
Apr,Eswatini,-26.5225,31.4659,100,12,1
Apr,Ethiopia,9.145,40.4897,131,59,3
Apr,Fiji,-17.7134,178.065,18,12,0
Apr,Finland,61.92411,25.748151,4995,3000,211
Apr,France,46.2276,2.2137,167299,49476,24379
Apr,Gabon,-0.8037,11.6094,276,67,3
Apr,Gambia,13.4432,-15.3101,11,8,1
Apr,Georgia,42.3154,43.3569,539,184,6
Apr,Germany,51.165691,10.451526,163009,123500,6623
Apr,Ghana,7.9465,-1.0232,2074,212,17
Apr,Greece,39.0742,21.8243,2591,1374,140
Apr,Grenada,12.1165,-61.679,20,13,0
Apr,Guatemala,15.7835,-90.2308,599,66,16
Apr,Guinea-Bissau,11.8037,-15.1804,205,19,1
Apr,Guinea,9.9456,-9.6966,1495,329,7
Apr,Guyana,4.860416,-58.93018,82,22,9
Apr,Haiti,18.9712,-72.2852,81,8,8
Apr,Holy See,41.9029,12.4534,11,2,0
Apr,Honduras,15.2,-86.2419,771,79,71
Apr,Hungary,47.1625,19.5033,2775,581,312
Apr,Iceland,64.9631,-19.0208,1797,1670,10
Apr,India,20.593684,78.96288,34863,9068,1154
Apr,Indonesia,-0.7893,113.9213,10118,1522,792
Apr,Iran,32.427908,53.688046,94640,75103,6028
Apr,Iraq,33.223191,43.679291,2085,1375,93
Apr,Ireland,53.1424,-7.6921,20612,13386,1232
Apr,Israel,31.046051,34.851612,15946,8561,222
Apr,Italy,41.87194,12.56738,205463,75945,27967
Apr,Jamaica,18.1096,-77.2975,422,29,8
Apr,Japan,36.204824,138.252924,14284,2460,481
Apr,Jordan,31.24,36.51,453,362,8
Apr,Kazakhstan,48.0196,66.9237,3402,866,25
Apr,Kenya,-0.0236,37.9062,396,144,17
Apr,Korea South,35.907757,127.766922,10774,9072,248
Apr,Kosovo,42.602636,20.902977,806,271,22
Apr,Kuwait,29.31166,47.481766,4024,1539,26
Apr,Kyrgyzstan,41.20438,74.766098,746,462,8
Apr,Laos,19.85627,102.495496,19,8,0
Apr,Latvia,56.8796,24.6032,858,348,15
Apr,Lebanon,33.8547,35.8623,725,150,24
Apr,Lesotho,-29.61,28.2336,0,0,0
Apr,Liberia,6.428055,-9.429499,141,45,16
Apr,Libya,26.3351,17.228331,61,18,3
Apr,Liechtenstein,47.14,9.55,82,80,1
Apr,Lithuania,55.1694,23.8813,1385,589,45
Apr,Luxembourg,49.8153,6.1296,3784,3213,90
Apr,MS Zaandam,0,0,9,0,2
Apr,Madagascar,-18.766947,46.869107,128,92,0
Apr,Malawi,-13.2543,34.3015,37,7,3
Apr,Malaysia,4.210484,101.975766,6002,4171,102
Apr,Maldives,3.2028,73.2207,468,17,1
Apr,Mali,17.570692,-3.996166,490,135,26
Apr,Malta,35.9375,14.3754,465,351,4
Apr,Mauritania,21.0079,-10.9408,8,6,1
Apr,Mauritius,-20.348404,57.552152,332,310,10
Apr,Mexico,23.6345,-102.5528,19224,11423,1859
Apr,Moldova,47.4116,28.3699,3897,1182,116
Apr,Monaco,43.7333,7.4167,95,64,4
Apr,Mongolia,46.8625,103.8467,38,10,0
Apr,Montenegro,42.708678,19.37439,322,214,7
Apr,Morocco,31.7917,-7.0926,4423,984,170
Apr,Mozambique,-18.665695,35.529562,76,12,0
Apr,Namibia,-22.9576,18.4904,16,8,0
Apr,Nepal,28.1667,84.25,57,16,0
Apr,Netherlands,52.1326,5.2913,39512,125,4811
Apr,New Zealand,-40.9006,174.886,1479,1252,19
Apr,Nicaragua,12.865416,-85.207229,14,7,3
Apr,Niger,17.607789,8.081666,719,452,32
Apr,Nigeria,9.082,8.6753,1932,319,58
Apr,North Macedonia,41.6086,21.7453,1465,738,77
Apr,Norway,60.472,8.4689,7738,32,210
Apr,Oman,21.512583,55.923255,2348,495,11
Apr,Pakistan,30.3753,69.3451,18114,4715,417
Apr,Panama,8.538,-80.7821,6532,576,188
Apr,Papua New Guinea,-6.314993,143.95555,8,0,0
Apr,Paraguay,-23.4425,-58.4438,266,113,10
Apr,Peru,-9.19,-75.0152,36976,10405,1051
Apr,Philippines,12.879721,121.774017,8488,1043,568
Apr,Poland,51.9194,19.1451,12877,3236,644
Apr,Portugal,39.3999,-8.2245,25045,1519,989
Apr,Qatar,25.3548,51.1839,13409,1372,10
Apr,Romania,45.9432,24.9668,12240,4017,717
Apr,Russia,61.52401,105.318756,106498,11619,1073
Apr,Rwanda,-1.9403,29.8739,243,104,0
Apr,Saint Kitts and Nevis,17.357822,-62.782998,15,6,0
Apr,Saint Lucia,13.9094,-60.9789,17,15,0
Apr,Saint Vincent and the Grenadines,12.9843,-61.2872,16,8,0
Apr,San Marino,43.9424,12.4578,569,78,41
Apr,Sao Tome and Principe,0.1864,6.6131,14,4,0
Apr,Saudi Arabia,23.885942,45.079162,22753,3163,162
Apr,Senegal,14.4974,-14.4524,933,334,9
Apr,Serbia,44.0165,21.0059,9009,1343,179
Apr,Seychelles,-4.6796,55.492,11,6,0
Apr,Sierra Leone,8.460555,-11.779889,124,21,7
Apr,Singapore,1.2833,103.8333,16169,1244,15
Apr,Slovakia,48.669,19.699,1396,524,23
Apr,Slovenia,46.1512,14.9955,1429,233,91
Apr,Somalia,5.152149,46.199616,601,31,28
Apr,South Africa,-30.5595,22.9375,5647,2073,103
Apr,South Sudan,6.877,31.307,35,0,0
Apr,Spain,40.463667,-3.74922,213435,112050,24543
Apr,Sri Lanka,7.873054,80.771797,663,154,7
Apr,Sudan,12.8628,30.2176,442,39,31
Apr,Suriname,3.9193,-56.0278,10,8,1
Apr,Sweden,60.128161,18.643501,21092,0,2586
Apr,Switzerland,46.8182,8.2275,29586,23400,1737
Apr,Syria,34.802075,38.996815,43,21,3
Apr,Taiwan,23.7,121,429,322,6
Apr,Tajikistan,38.861,71.2761,15,0,0
Apr,Tanzania,-6.369028,34.888822,480,167,16
Apr,Thailand,15.870032,100.992541,2954,2684,54
Apr,Timor-Leste,-8.874217,125.727539,24,16,0
Apr,Togo,8.6195,0.8248,116,65,9
Apr,Trinidad and Tobago,10.6918,-61.2225,116,72,8
Apr,Tunisia,33.886917,9.537499,994,305,41
Apr,Turkey,38.9637,35.2433,120204,48886,3174
Apr,United States,40,-100,1072667,153947,64256
Apr,Uganda,1.373333,32.290275,83,52,0
Apr,Ukraine,48.3794,31.1656,10406,1238,261
Apr,United Arab Emirates,23.424076,53.847818,12481,2429,105
Apr,United Kingdom,55.3781,-3.436,178771,859,26859
Apr,Uruguay,-32.5228,-55.7658,643,417,17
Apr,Uzbekistan,41.377491,64.585262,2039,1133,9
Apr,Venezuela,6.4238,-66.5897,333,142,16
Apr,Vietnam,14.058324,108.277199,270,219,0
Apr,West Bank and Gaza,31.9522,35.2332,344,76,2
Apr,Western Sahara,24.2155,-12.8858,6,5,0
Apr,Yemen,15.552727,48.516388,6,1,2
Apr,Zambia,-13.133897,27.849332,106,55,3
Apr,Zimbabwe,-19.015438,29.154857,40,5,4
May,Afghanistan,33.93911,67.709953,15205,1328,257
May,Albania,41.1533,20.1683,1137,872,33
May,Algeria,28.0339,1.6596,9394,5748,653
May,Andorra,42.5063,1.5218,764,694,51
May,Angola,-11.2027,17.8739,86,18,4
May,Antigua and Barbuda,17.0608,-61.7964,26,19,3
May,Argentina,-38.4161,-63.6167,16851,5336,539
May,Armenia,40.0691,45.0382,9282,3386,131
May,Australia,-35.4735,149.0124,7202,6618,103
May,Austria,47.5162,14.5501,16731,15593,668
May,Azerbaijan,40.1431,47.5769,5494,3428,63
May,Bahamas,25.025885,-78.035889,102,48,11
May,Bahrain,26.0275,50.55,11398,6673,19
May,Bangladesh,23.685,90.3563,47153,9781,650
May,Barbados,13.1939,-59.5432,92,76,7
May,Belarus,53.7098,27.9534,42556,18514,235
May,Belgium,50.8333,4.469936,58381,15887,9467
May,Belize,17.1899,-88.4976,18,16,2
May,Benin,9.3077,2.3158,232,143,3
May,Bhutan,27.5142,90.4336,43,6,0
May,Bolivia,-16.2902,-63.5887,9982,968,313
May,Bosnia and Herzegovina,43.9159,17.6791,2510,1862,153
May,Botswana,-22.3285,24.6849,35,20,1
May,Brazil,-14.235,-51.9253,514849,206555,29314
May,Brunei,4.5353,114.7277,141,138,2
May,Bulgaria,42.7339,25.4858,2513,1074,140
May,Burkina Faso,12.2383,-1.5616,847,720,53
May,Burma,21.9162,95.956,224,138,6
May,Burundi,-3.3731,29.9189,63,33,1
May,Cabo Verde,16.5388,-23.0418,435,193,4
May,Cambodia,11.55,104.9167,125,123,0
May,Cameroon,3.848,11.5021,5904,3568,191
May,Canada,53.9333,-116.5765,92479,49213,7374
May,Central African Republic,6.6111,20.9394,1011,23,2
May,Chad,15.4542,18.7322,778,491,65
May,Chile,-35.6751,-71.543,123550,42727,1054
May,China,31.8257,117.2264,84146,79389,4638
May,Colombia,4.5709,-74.2973,29383,7032,939
May,Comoros,-11.6455,43.3333,106,26,2
May,Congo (Brazzaville),-0.228,15.8277,611,179,20
May,Congo (Kinshasa),-4.0383,21.7587,3070,448,72
May,Costa Rica,9.7489,-83.7534,1056,669,10
May,Cote d'Ivoire,7.54,-5.5471,2833,1435,33
May,Croatia,45.1,15.2,2246,2072,103
May,Cuba,21.521757,-77.781167,2045,1809,83
May,Cyprus,35.1264,33.4299,944,790,17
May,Czechia,49.8175,15.473,9268,6558,320
May,Denmark,56.2639,9.5018,11869,10560,574
May,Diamond Princess,0,0,712,651,13
May,Djibouti,11.8251,42.5903,3354,1504,24
May,Dominica,15.415,-61.371,16,16,0
May,Dominican Republic,18.7357,-70.1627,17285,10559,502
May,Ecuador,-1.8312,-78.1834,39098,19592,3358
May,Egypt,26.820553,30.802498,24985,6037,959
May,El Salvador,13.7942,-88.8965,2517,1040,46
May,Equatorial Guinea,1.6508,10.2679,1306,200,12
May,Eritrea,15.1794,39.7823,39,39,0
May,Estonia,58.5953,25.0136,1869,1624,68
May,Eswatini,-26.5225,31.4659,285,189,2
May,Ethiopia,9.145,40.4897,1172,209,11
May,Fiji,-17.7134,178.065,18,15,0
May,Finland,61.92411,25.748151,6859,5500,320
May,France,46.2276,2.2137,189009,68473,28805
May,Gabon,-0.8037,11.6094,2655,722,17
May,Gambia,13.4432,-15.3101,25,20,1
May,Georgia,42.3154,43.3569,783,605,12
May,Germany,51.165691,10.451526,183410,165352,8540
May,Ghana,7.9465,-1.0232,8070,2947,36
May,Greece,39.0742,21.8243,2917,1374,175
May,Grenada,12.1165,-61.679,23,18,0
May,Guatemala,15.7835,-90.2308,5087,735,108
May,Guinea-Bissau,11.8037,-15.1804,1256,42,8
May,Guinea,9.9456,-9.6966,3706,2030,23
May,Guyana,4.860416,-58.93018,153,70,12
May,Haiti,18.9712,-72.2852,2124,24,44
May,Holy See,41.9029,12.4534,12,2,0
May,Honduras,15.2,-86.2419,5202,537,212
May,Hungary,47.1625,19.5033,3876,2147,526
May,Iceland,64.9631,-19.0208,1806,1794,10
May,India,20.593684,78.96288,190609,91852,5408
May,Indonesia,-0.7893,113.9213,26473,7308,1613
May,Iran,32.427908,53.688046,151466,118848,7797
May,Iraq,33.223191,43.679291,6439,3156,205
May,Ireland,53.1424,-7.6921,24990,22089,1652
May,Israel,31.046051,34.851612,17071,14812,285
May,Italy,41.87194,12.56738,232997,157507,33415
May,Jamaica,18.1096,-77.2975,586,311,9
May,Japan,36.204824,138.252924,16751,14342,898
May,Jordan,31.24,36.51,739,522,9
May,Kazakhstan,48.0196,66.9237,10858,5404,40
May,Kenya,-0.0236,37.9062,1962,478,64
May,Korea South,35.907757,127.766922,11503,10422,271
May,Kosovo,42.602636,20.902977,1064,829,30
May,Kuwait,29.31166,47.481766,27043,11386,212
May,Kyrgyzstan,41.20438,74.766098,1748,1170,16
May,Laos,19.85627,102.495496,19,16,0
May,Latvia,56.8796,24.6032,1066,745,24
May,Lebanon,33.8547,35.8623,1220,712,27
May,Lesotho,-29.61,28.2336,2,1,0
May,Liberia,6.428055,-9.429499,288,157,27
May,Libya,26.3351,17.228331,156,52,5
May,Liechtenstein,47.14,9.55,82,81,1
May,Lithuania,55.1694,23.8813,1675,1236,70
May,Luxembourg,49.8153,6.1296,4018,3833,110
May,MS Zaandam,0,0,9,0,2
May,Madagascar,-18.766947,46.869107,771,168,6
May,Malawi,-13.2543,34.3015,284,42,4
May,Malaysia,4.210484,101.975766,7819,6353,115
May,Maldives,3.2028,73.2207,1773,453,5
May,Mali,17.570692,-3.996166,1265,716,77
May,Malta,35.9375,14.3754,618,534,9
May,Mauritania,21.0079,-10.9408,530,27,23
May,Mauritius,-20.348404,57.552152,335,322,10
May,Mexico,23.6345,-102.5528,90664,63772,9930
May,Moldova,47.4116,28.3699,8251,4581,295
May,Monaco,43.7333,7.4167,99,90,4
May,Mongolia,46.8625,103.8467,179,44,0
May,Montenegro,42.708678,19.37439,324,315,9
May,Morocco,31.7917,-7.0926,7807,5459,205
May,Mozambique,-18.665695,35.529562,254,91,2
May,Namibia,-22.9576,18.4904,24,14,0
May,Nepal,28.1667,84.25,1572,220,8
May,Netherlands,52.1326,5.2913,46645,178,5975
May,New Zealand,-40.9006,174.886,1504,1481,22
May,Nicaragua,12.865416,-85.207229,759,370,35
May,Niger,17.607789,8.081666,958,839,64
May,Nigeria,9.082,8.6753,10162,3007,287
May,North Macedonia,41.6086,21.7453,2226,1552,133
May,Norway,60.472,8.4689,8440,7727,236
May,Oman,21.512583,55.923255,11437,2682,49
May,Pakistan,30.3753,69.3451,72460,26083,1543
May,Panama,8.538,-80.7821,13463,9514,336
May,Papua New Guinea,-6.314993,143.95555,8,8,0
May,Paraguay,-23.4425,-58.4438,986,477,11
May,Peru,-9.19,-75.0152,164476,67208,4506
May,Philippines,12.879721,121.774017,18086,3909,957
May,Poland,51.9194,19.1451,23786,11271,1064
May,Portugal,39.3999,-8.2245,32500,19409,1410
May,Qatar,25.3548,51.1839,56910,30290,38
May,Romania,45.9432,24.9668,19257,13256,1266
May,Russia,61.52401,105.318756,405843,171883,4693
May,Rwanda,-1.9403,29.8739,370,256,1
May,Saint Kitts and Nevis,17.357822,-62.782998,15,15,0
May,Saint Lucia,13.9094,-60.9789,18,18,0
May,Saint Vincent and the Grenadines,12.9843,-61.2872,26,15,0
May,San Marino,43.9424,12.4578,671,357,42
May,Sao Tome and Principe,0.1864,6.6131,483,68,12
May,Saudi Arabia,23.885942,45.079162,85261,62442,503
May,Senegal,14.4974,-14.4524,3645,1801,42
May,Serbia,44.0165,21.0059,11412,6698,243
May,Seychelles,-4.6796,55.492,11,11,0
May,Sierra Leone,8.460555,-11.779889,861,454,46
May,Singapore,1.2833,103.8333,34884,21699,23
May,Slovakia,48.669,19.699,1521,1366,28
May,Slovenia,46.1512,14.9955,1473,1358,108
May,Somalia,5.152149,46.199616,1976,348,78
May,South Africa,-30.5595,22.9375,32683,16809,683
May,South Sudan,6.877,31.307,994,6,10
May,Spain,40.463667,-3.74922,239479,150376,27127
May,Sri Lanka,7.873054,80.771797,1633,801,10
May,Sudan,12.8628,30.2176,5026,1423,286
May,Suriname,3.9193,-56.0278,23,9,1
May,Sweden,60.128161,18.643501,37542,0,4395
May,Switzerland,46.8182,8.2275,30862,28500,1920
May,Syria,34.802075,38.996815,122,46,5
May,Taiwan,23.7,121,442,423,7
May,Tajikistan,38.861,71.2761,3930,2004,47
May,Tanzania,-6.369028,34.888822,509,183,21
May,Thailand,15.870032,100.992541,3081,2963,57
May,Timor-Leste,-8.874217,125.727539,24,24,0
May,Togo,8.6195,0.8248,442,211,13
May,Trinidad and Tobago,10.6918,-61.2225,117,108,8
May,Tunisia,33.886917,9.537499,1077,960,48
May,Turkey,38.9637,35.2433,163942,127973,4540
May,United States,40,-100,1799124,444758,105364
May,Uganda,1.373333,32.290275,417,72,0
May,Ukraine,48.3794,31.1656,23672,9538,708
May,United Arab Emirates,23.424076,53.847818,34557,17932,264
May,United Kingdom,55.3781,-3.436,257539,1190,39092
May,Uruguay,-32.5228,-55.7658,823,685,22
May,Uzbekistan,41.377491,64.585262,3623,2837,15
May,Venezuela,6.4238,-66.5897,1510,302,14
May,Vietnam,14.058324,108.277199,328,279,0
May,West Bank and Gaza,31.9522,35.2332,448,372,3
May,Western Sahara,24.2155,-12.8858,9,6,1
May,Yemen,15.552727,48.516388,323,14,80
May,Zambia,-13.133897,27.849332,1057,779,7
May,Zimbabwe,-19.015438,29.154857,178,29,4
Jun,Afghanistan,33.93911,67.709953,31517,14131,746
Jun,Albania,41.1533,20.1683,2535,1459,62
Jun,Algeria,28.0339,1.6596,13907,9897,912
Jun,Andorra,42.5063,1.5218,855,799,52
Jun,Angola,-11.2027,17.8739,284,93,13
Jun,Antigua and Barbuda,17.0608,-61.7964,69,22,3
Jun,Argentina,-38.4161,-63.6167,64530,22028,1307
Jun,Armenia,40.0691,45.0382,25542,14048,443
Jun,Australia,-35.4735,149.0124,7920,7040,104
Jun,Austria,47.5162,14.5501,17766,16478,705
Jun,Azerbaijan,40.1431,47.5769,17524,9715,213
Jun,Bahamas,25.025885,-78.035889,104,87,11
Jun,Bahrain,26.0275,50.55,26758,21331,87
Jun,Bangladesh,23.685,90.3563,145483,59624,1847
Jun,Barbados,13.1939,-59.5432,97,90,7
Jun,Belarus,53.7098,27.9534,62118,46054,392
Jun,Belgium,50.8333,4.469936,61427,16984,9747
Jun,Belize,17.1899,-88.4976,24,18,2
Jun,Benin,9.3077,2.3158,1199,333,21
Jun,Bhutan,27.5142,90.4336,77,48,0
Jun,Bolivia,-16.2902,-63.5887,33219,9340,1123
Jun,Bosnia and Herzegovina,43.9159,17.6791,4453,2402,186
Jun,Botswana,-22.3285,24.6849,227,28,1
Jun,Brazil,-14.235,-51.9253,1402041,788318,59594
Jun,Brunei,4.5353,114.7277,141,138,3
Jun,Bulgaria,42.7339,25.4858,4989,2676,230
Jun,Burkina Faso,12.2383,-1.5616,962,838,53
Jun,Burma,21.9162,95.956,299,222,6
Jun,Burundi,-3.3731,29.9189,170,115,1
Jun,Cabo Verde,16.5388,-23.0418,1227,629,15
Jun,Cambodia,11.55,104.9167,141,130,0
Jun,Cameroon,3.848,11.5021,12592,10100,313
Jun,Canada,53.9333,-116.5765,106097,69120,8650
Jun,Central African Republic,6.6111,20.9394,3745,787,47
Jun,Chad,15.4542,18.7322,866,781,74
Jun,Chile,-35.6751,-71.543,279393,241229,5688
Jun,China,31.8257,117.2264,84785,79632,4641
Jun,Colombia,4.5709,-74.2973,97846,40021,3334
Jun,Comoros,-11.6455,43.3333,303,200,7
Jun,Congo (Brazzaville),-0.228,15.8277,1087,456,37
Jun,Congo (Kinshasa),-4.0383,21.7587,7039,1426,170
Jun,Costa Rica,9.7489,-83.7534,3459,1436,16
Jun,Cote d'Ivoire,7.54,-5.5471,9499,4273,68
Jun,Croatia,45.1,15.2,2777,2155,107
Jun,Cuba,21.521757,-77.781167,2341,2214,86
Jun,Cyprus,35.1264,33.4299,998,833,19
Jun,Czechia,49.8175,15.473,11954,7771,349
Jun,Denmark,56.2639,9.5018,12968,11849,605
Jun,Diamond Princess,0,0,712,651,13
Jun,Djibouti,11.8251,42.5903,4682,4524,54
Jun,Dominica,15.415,-61.371,18,18,0
Jun,Dominican Republic,18.7357,-70.1627,32568,17580,747
Jun,Ecuador,-1.8312,-78.1834,56432,27594,4527
Jun,Egypt,26.820553,30.802498,68311,18460,2953
Jun,El Salvador,13.7942,-88.8965,6438,3770,174
Jun,Equatorial Guinea,1.6508,10.2679,2001,515,32
Jun,Eritrea,15.1794,39.7823,203,53,0
Jun,Estonia,58.5953,25.0136,1989,1829,69
Jun,Eswatini,-26.5225,31.4659,812,408,11
Jun,Ethiopia,9.145,40.4897,5846,2430,103
Jun,Fiji,-17.7134,178.065,18,18,0
Jun,Finland,61.92411,25.748151,7214,6600,328
Jun,France,46.2276,2.2137,202063,76399,29846
Jun,Gabon,-0.8037,11.6094,5394,2420,42
Jun,Gambia,13.4432,-15.3101,49,27,2
Jun,Georgia,42.3154,43.3569,928,794,15
Jun,Germany,51.165691,10.451526,195418,178100,8990
Jun,Ghana,7.9465,-1.0232,17741,13268,112
Jun,Greece,39.0742,21.8243,3409,1374,192
Jun,Grenada,12.1165,-61.679,23,23,0
Jun,Guatemala,15.7835,-90.2308,18096,3194,773
Jun,Guinea-Bissau,11.8037,-15.1804,1654,317,24
Jun,Guinea,9.9456,-9.6966,5391,4326,33
Jun,Guyana,4.860416,-58.93018,245,114,12
Jun,Haiti,18.9712,-72.2852,5975,931,105
Jun,Holy See,41.9029,12.4534,12,12,0
Jun,Honduras,15.2,-86.2419,19558,2060,497
Jun,Hungary,47.1625,19.5033,4155,2692,585
Jun,Iceland,64.9631,-19.0208,1824,1800,10
Jun,India,20.593684,78.96288,585481,347912,17400
Jun,Indonesia,-0.7893,113.9213,56385,24806,2876
Jun,Iran,32.427908,53.688046,227662,188758,10817
Jun,Iraq,33.223191,43.679291,49109,24760,1943
Jun,Ireland,53.1424,-7.6921,25473,23364,1736
Jun,Israel,31.046051,34.851612,25244,17341,320
Jun,Italy,41.87194,12.56738,240578,190248,34767
Jun,Jamaica,18.1096,-77.2975,702,553,10
Jun,Japan,36.204824,138.252924,18615,16458,972
Jun,Jordan,31.24,36.51,1132,882,9
Jun,Kazakhstan,48.0196,66.9237,22308,13558,188
Jun,Kenya,-0.0236,37.9062,6366,2039,148
Jun,Korea South,35.907757,127.766922,12850,11613,282
Jun,Kosovo,42.602636,20.902977,2878,1577,51
Jun,Kuwait,29.31166,47.481766,46195,37030,354
Jun,Kyrgyzstan,41.20438,74.766098,5506,2443,61
Jun,Laos,19.85627,102.495496,19,19,0
Jun,Latvia,56.8796,24.6032,1118,974,30
Jun,Lebanon,33.8547,35.8623,1778,1183,34
Jun,Lesotho,-29.61,28.2336,27,4,0
Jun,Liberia,6.428055,-9.429499,780,324,36
Jun,Libya,26.3351,17.228331,824,209,24
Jun,Liechtenstein,47.14,9.55,82,81,1
Jun,Lithuania,55.1694,23.8813,1817,1515,78
Jun,Luxembourg,49.8153,6.1296,4299,3998,110
Jun,MS Zaandam,0,0,9,0,2
Jun,Madagascar,-18.766947,46.869107,2214,994,20
Jun,Malawi,-13.2543,34.3015,1224,260,14
Jun,Malaysia,4.210484,101.975766,8639,8354,121
Jun,Maldives,3.2028,73.2207,2361,1944,9
Jun,Mali,17.570692,-3.996166,2181,1474,116
Jun,Malta,35.9375,14.3754,670,640,9
Jun,Mauritania,21.0079,-10.9408,4363,1622,129
Jun,Mauritius,-20.348404,57.552152,341,326,10
Jun,Mexico,23.6345,-102.5528,226089,174538,27769
Jun,Moldova,47.4116,28.3699,16613,9382,545
Jun,Monaco,43.7333,7.4167,103,95,4
Jun,Mongolia,46.8625,103.8467,220,176,0
Jun,Montenegro,42.708678,19.37439,548,315,12
Jun,Morocco,31.7917,-7.0926,12533,8920,228
Jun,Mozambique,-18.665695,35.529562,889,232,6
Jun,Namibia,-22.9576,18.4904,205,24,0
Jun,Nepal,28.1667,84.25,13564,3194,29
Jun,Netherlands,52.1326,5.2913,50483,186,6132
Jun,New Zealand,-40.9006,174.886,1528,1484,22
Jun,Nicaragua,12.865416,-85.207229,2519,1238,83
Jun,Niger,17.607789,8.081666,1075,943,67
Jun,Nigeria,9.082,8.6753,25694,9746,590
Jun,North Macedonia,41.6086,21.7453,6334,2475,302
Jun,Norway,60.472,8.4689,8879,8138,250
Jun,Oman,21.512583,55.923255,40070,23425,176
Jun,Pakistan,30.3753,69.3451,213470,100802,4395
Jun,Panama,8.538,-80.7821,33550,15745,631
Jun,Papua New Guinea,-6.314993,143.95555,11,8,0
Jun,Paraguay,-23.4425,-58.4438,2221,1089,17
Jun,Peru,-9.19,-75.0152,285213,174535,9677
Jun,Philippines,12.879721,121.774017,37514,10233,1266
Jun,Poland,51.9194,19.1451,34393,21281,1463
Jun,Portugal,39.3999,-8.2245,42141,27505,1576
Jun,Qatar,25.3548,51.1839,96088,81564,113
Jun,Romania,45.9432,24.9668,26970,19050,1651
Jun,Russia,61.52401,105.318756,646929,411973,9306
Jun,Rwanda,-1.9403,29.8739,1025,447,2
Jun,Saint Kitts and Nevis,17.357822,-62.782998,15,15,0
Jun,Saint Lucia,13.9094,-60.9789,19,19,0
Jun,Saint Vincent and the Grenadines,12.9843,-61.2872,29,29,0
Jun,San Marino,43.9424,12.4578,698,656,42
Jun,Sao Tome and Principe,0.1864,6.6131,714,236,13
Jun,Saudi Arabia,23.885942,45.079162,190823,130766,1649
Jun,Senegal,14.4974,-14.4524,6793,4431,112
Jun,Serbia,44.0165,21.0059,14564,12662,277
Jun,Seychelles,-4.6796,55.492,81,11,0
Jun,Sierra Leone,8.460555,-11.779889,1462,974,60
Jun,Singapore,1.2833,103.8333,43907,38500,26
Jun,Slovakia,48.669,19.699,1667,1464,28
Jun,Slovenia,46.1512,14.9955,1600,1384,111
Jun,Somalia,5.152149,46.199616,2924,910,90
Jun,South Africa,-30.5595,22.9375,151209,73543,2657
Jun,South Sudan,6.877,31.307,2007,279,38
Jun,Spain,40.463667,-3.74922,249271,150376,28355
Jun,Sri Lanka,7.873054,80.771797,2047,1711,11
Jun,Sudan,12.8628,30.2176,9257,4014,572
Jun,Suriname,3.9193,-56.0278,515,227,13
Jun,Sweden,60.128161,18.643501,68451,0,5333
Jun,Switzerland,46.8182,8.2275,31714,29200,1963
Jun,Syria,34.802075,38.996815,279,105,9
Jun,Taiwan,23.7,121,447,437,7
Jun,Tajikistan,38.861,71.2761,5900,4506,52
Jun,Tanzania,-6.369028,34.888822,509,183,21
Jun,Thailand,15.870032,100.992541,3171,3056,58
Jun,Timor-Leste,-8.874217,125.727539,24,24,0
Jun,Togo,8.6195,0.8248,650,402,14
Jun,Trinidad and Tobago,10.6918,-61.2225,130,113,8
Jun,Tunisia,33.886917,9.537499,1174,1031,50
Jun,Turkey,38.9637,35.2433,199906,173111,5131
Jun,United States,40,-100,2636414,720631,127432
Jun,Uganda,1.373333,32.290275,889,819,0
Jun,Ukraine,48.3794,31.1656,45254,19792,1173
Jun,United Arab Emirates,23.424076,53.847818,48667,37566,315
Jun,United Kingdom,55.3781,-3.436,285216,1370,43815
Jun,Uruguay,-32.5228,-55.7658,936,824,27
Jun,Uzbekistan,41.377491,64.585262,8503,5682,26
Jun,Venezuela,6.4238,-66.5897,5832,1649,51
Jun,Vietnam,14.058324,108.277199,355,335,0
Jun,West Bank and Gaza,31.9522,35.2332,2428,451,8
Jun,Western Sahara,24.2155,-12.8858,10,8,1
Jun,Yemen,15.552727,48.516388,1158,488,312
Jun,Zambia,-13.133897,27.849332,1594,1329,24
Jun,Zimbabwe,-19.015438,29.154857,591,162,7
Jul,Afghanistan,33.93911,67.709953,36036,24793,1248
Jul,Albania,41.1533,20.1683,4637,2637,134
Jul,Algeria,28.0339,1.6596,26764,18076,1146
Jul,Andorra,42.5063,1.5218,897,803,52
Jul,Angola,-11.2027,17.8739,916,242,39
Jul,Antigua and Barbuda,17.0608,-61.7964,82,60,3
Jul,Argentina,-38.4161,-63.6167,158334,68022,2893
Jul,Armenia,40.0691,45.0382,36996,26243,700
Jul,Australia,-35.4735,149.0124,14403,9019,155
Jul,Austria,47.5162,14.5501,20338,18124,712
Jul,Azerbaijan,40.1431,47.5769,29633,22082,408
Jul,Bahamas,25.025885,-78.035889,326,91,11
Jul,Bahrain,26.0275,50.55,38747,35205,137
Jul,Bangladesh,23.685,90.3563,221178,122090,2874
Jul,Barbados,13.1939,-59.5432,108,94,7
Jul,Belarus,53.7098,27.9534,67002,60092,530
Jul,Belgium,50.8333,4.469936,65727,17425,9821
Jul,Belize,17.1899,-88.4976,48,26,2
Jul,Benin,9.3077,2.3158,1694,918,34
Jul,Bhutan,27.5142,90.4336,92,85,0
Jul,Bolivia,-16.2902,-63.5887,68281,20951,2535
Jul,Bosnia and Herzegovina,43.9159,17.6791,9767,4555,280
Jul,Botswana,-22.3285,24.6849,686,52,1
Jul,Brazil,-14.235,-51.9253,2394513,1785359,86449
Jul,Brunei,4.5353,114.7277,141,138,3
Jul,Bulgaria,42.7339,25.4858,10312,5306,338
Jul,Burkina Faso,12.2383,-1.5616,1086,920,53
Jul,Burma,21.9162,95.956,348,288,6
Jul,Burundi,-3.3731,29.9189,361,279,1
Jul,Cabo Verde,16.5388,-23.0418,2258,1363,22
Jul,Cambodia,11.55,104.9167,225,143,0
Jul,Cameroon,3.848,11.5021,16708,14539,385
Jul,Canada,53.9333,-116.5765,115470,100765,8929
Jul,Central African Republic,6.6111,20.9394,4598,1506,59
Jul,Chad,15.4542,18.7322,915,810,75
Jul,Chile,-35.6751,-71.543,343592,316169,9020
Jul,China,31.8257,117.2264,86381,80409,4652
Jul,Colombia,4.5709,-74.2973,240795,119667,8269
Jul,Comoros,-11.6455,43.3333,340,324,7
Jul,Congo (Brazzaville),-0.228,15.8277,3038,756,51
Jul,Congo (Kinshasa),-4.0383,21.7587,8801,5305,204
Jul,Costa Rica,9.7489,-83.7534,14600,3640,98
Jul,Cote d'Ivoire,7.54,-5.5471,15494,9880,94
Jul,Croatia,45.1,15.2,4792,3778,133
Jul,Cuba,21.521757,-77.781167,2478,2345,87
Jul,Cyprus,35.1264,33.4299,1053,852,19
Jul,Czechia,49.8175,15.473,15212,9590,369
Jul,Denmark,56.2639,9.5018,13643,12541,613
Jul,Diamond Princess,0,0,712,651,13
Jul,Djibouti,11.8251,42.5903,5039,4949,58
Jul,Dominica,15.415,-61.371,18,18,0
Jul,Dominican Republic,18.7357,-70.1627,60896,27980,1055
Jul,Ecuador,-1.8312,-78.1834,80036,34544,5507
Jul,Egypt,26.820553,30.802498,91583,32903,4558
Jul,El Salvador,13.7942,-88.8965,14221,7549,390
Jul,Equatorial Guinea,1.6508,10.2679,3071,842,51
Jul,Eritrea,15.1794,39.7823,263,189,0
Jul,Estonia,58.5953,25.0136,2033,1915,69
Jul,Eswatini,-26.5225,31.4659,2142,940,28
Jul,Ethiopia,9.145,40.4897,13248,5966,209
Jul,Fiji,-17.7134,178.065,27,18,0
Jul,Finland,61.92411,25.748151,7388,6920,329
Jul,France,46.2276,2.2137,217801,80945,30195
Jul,Gabon,-0.8037,11.6094,6984,4463,49
Jul,Gambia,13.4432,-15.3101,277,60,6
Jul,Georgia,42.3154,43.3569,1117,917,16
Jul,Germany,51.165691,10.451526,206278,189919,9124
Jul,Ghana,7.9465,-1.0232,31851,28438,161
Jul,Greece,39.0742,21.8243,4166,1374,201
Jul,Grenada,12.1165,-61.679,23,23,0
Jul,Guatemala,15.7835,-90.2308,44492,31045,1699
Jul,Guinea-Bissau,11.8037,-15.1804,1954,803,26
Jul,Guinea,9.9456,-9.6966,6927,6098,42
Jul,Guyana,4.860416,-58.93018,360,180,20
Jul,Haiti,18.9712,-72.2852,7297,4365,157
Jul,Holy See,41.9029,12.4534,12,12,0
Jul,Honduras,15.2,-86.2419,38438,4713,1098
Jul,Hungary,47.1625,19.5033,4424,3324,596
Jul,Iceland,64.9631,-19.0208,1843,1823,10
Jul,India,20.593684,78.96288,1385635,885573,32060
Jul,Indonesia,-0.7893,113.9213,97286,55354,4714
Jul,Iran,32.427908,53.688046,288839,251319,15484
Jul,Iraq,33.223191,43.679291,107573,73317,4284
Jul,Ireland,53.1424,-7.6921,25869,23364,1764
Jul,Israel,31.046051,34.851612,60678,26917,457
Jul,Italy,41.87194,12.56738,245864,198320,35102
Jul,Jamaica,18.1096,-77.2975,837,711,10
Jul,Japan,36.204824,138.252924,29684,21464,996
Jul,Jordan,31.24,36.51,1154,1036,11
Jul,Kazakhstan,48.0196,66.9237,81720,51823,585
Jul,Kenya,-0.0236,37.9062,16643,7574,278
Jul,Korea South,35.907757,127.766922,14150,12890,298
Jul,Kosovo,42.602636,20.902977,6917,3753,169
Jul,Kuwait,29.31166,47.481766,63309,53607,429
Jul,Kyrgyzstan,41.20438,74.766098,32124,19203,1249
Jul,Laos,19.85627,102.495496,20,19,0
Jul,Latvia,56.8796,24.6032,1206,1045,31
Jul,Lebanon,33.8547,35.8623,3582,1671,47
Jul,Lesotho,-29.61,28.2336,419,69,9
Jul,Liberia,6.428055,-9.429499,1155,631,71
Jul,Libya,26.3351,17.228331,2547,510,58
Jul,Liechtenstein,47.14,9.55,86,81,1
Jul,Lithuania,55.1694,23.8813,2001,1616,80
Jul,Luxembourg,49.8153,6.1296,6189,4647,112
Jul,MS Zaandam,0,0,9,0,2
Jul,Madagascar,-18.766947,46.869107,8866,5579,78
Jul,Malawi,-13.2543,34.3015,3453,1373,87
Jul,Malaysia,4.210484,101.975766,8884,8594,123
Jul,Maldives,3.2028,73.2207,3252,2498,15
Jul,Mali,17.570692,-3.996166,2503,1907,123
Jul,Malta,35.9375,14.3754,686,665,9
Jul,Mauritania,21.0079,-10.9408,6151,4299,156
Jul,Mauritius,-20.348404,57.552152,344,332,10
Jul,Mexico,23.6345,-102.5528,385036,288819,42645
Jul,Moldova,47.4116,28.3699,22828,15608,732
Jul,Monaco,43.7333,7.4167,116,104,4
Jul,Mongolia,46.8625,103.8467,288,218,0
Jul,Montenegro,42.708678,19.37439,2747,664,43
Jul,Morocco,31.7917,-7.0926,19645,16282,305
Jul,Mozambique,-18.665695,35.529562,1616,543,11
Jul,Namibia,-22.9576,18.4904,1687,72,7
Jul,Nepal,28.1667,84.25,18483,13053,45
Jul,Netherlands,52.1326,5.2913,52984,196,6159
Jul,New Zealand,-40.9006,174.886,1556,1513,22
Jul,Nicaragua,12.865416,-85.207229,3439,2492,108
Jul,Niger,17.607789,8.081666,1124,1025,69
Jul,Nigeria,9.082,8.6753,39977,16948,856
Jul,North Macedonia,41.6086,21.7453,9934,5357,460
Jul,Norway,60.472,8.4689,9111,8674,255
Jul,Oman,21.512583,55.923255,74858,54061,371
Jul,Pakistan,30.3753,69.3451,273113,237434,5822
Jul,Panama,8.538,-80.7821,58864,33428,1275
Jul,Papua New Guinea,-6.314993,143.95555,39,11,0
Jul,Paraguay,-23.4425,-58.4438,4328,2679,40
Jul,Peru,-9.19,-75.0152,375961,259423,17843
Jul,Philippines,12.879721,121.774017,78412,25752,1897
Jul,Poland,51.9194,19.1451,42622,32419,1664
Jul,Portugal,39.3999,-8.2245,49955,35010,1716
Jul,Qatar,25.3548,51.1839,109036,105750,164
Jul,Romania,45.9432,24.9668,43678,25373,2165
Jul,Russia,61.52401,105.318756,805332,596064,13172
Jul,Rwanda,-1.9403,29.8739,1752,907,5
Jul,Saint Kitts and Nevis,17.357822,-62.782998,17,15,0
Jul,Saint Lucia,13.9094,-60.9789,24,22,0
Jul,Saint Vincent and the Grenadines,12.9843,-61.2872,52,39,0
Jul,San Marino,43.9424,12.4578,699,657,42
Jul,Sao Tome and Principe,0.1864,6.6131,862,662,14
Jul,Saudi Arabia,23.885942,45.079162,264973,217782,2703
Jul,Senegal,14.4974,-14.4524,9552,6364,187
Jul,Serbia,44.0165,21.0059,22852,0,518
Jul,Seychelles,-4.6796,55.492,114,39,0
Jul,Sierra Leone,8.460555,-11.779889,1768,1297,66
Jul,Singapore,1.2833,103.8333,49888,45352,27
Jul,Slovakia,48.669,19.699,2141,1577,28
Jul,Slovenia,46.1512,14.9955,2066,1678,116
Jul,Somalia,5.152149,46.199616,3178,1521,93
Jul,South Africa,-30.5595,22.9375,434200,263054,6655
Jul,South Sudan,6.877,31.307,2258,1175,45
Jul,Spain,40.463667,-3.74922,272421,150376,28432
Jul,Sri Lanka,7.873054,80.771797,2770,2103,11
Jul,Sudan,12.8628,30.2176,11385,5890,717
Jul,Suriname,3.9193,-56.0278,1381,853,23
Jul,Sweden,60.128161,18.643501,78997,0,5697
Jul,Switzerland,46.8182,8.2275,34302,30500,1977
Jul,Syria,34.802075,38.996815,627,191,36
Jul,Taiwan,23.7,121,458,440,7
Jul,Tajikistan,38.861,71.2761,7150,5906,59
Jul,Tanzania,-6.369028,34.888822,509,183,21
Jul,Thailand,15.870032,100.992541,3282,3109,58
Jul,Timor-Leste,-8.874217,125.727539,24,24,0
Jul,Togo,8.6195,0.8248,853,587,17
Jul,Trinidad and Tobago,10.6918,-61.2225,147,128,8
Jul,Tunisia,33.886917,9.537499,1443,1133,50
Jul,Turkey,38.9637,35.2433,225173,208477,5596
Jul,United States,40,-100,4178021,1279414,146460
Jul,Uganda,1.373333,32.290275,1103,982,1
Jul,Ukraine,48.3794,31.1656,65317,36573,1610
Jul,United Arab Emirates,23.424076,53.847818,58562,51628,343
Jul,United Kingdom,55.3781,-3.436,300270,1427,45823
Jul,Uruguay,-32.5228,-55.7658,1174,947,34
Jul,Uzbekistan,41.377491,64.585262,19952,10831,111
Jul,Venezuela,6.4238,-66.5897,14929,8795,138
Jul,Vietnam,14.058324,108.277199,417,365,0
Jul,West Bank and Gaza,31.9522,35.2332,10306,3282,75
Jul,Western Sahara,24.2155,-12.8858,10,8,1
Jul,Yemen,15.552727,48.516388,1674,780,474
Jul,Zambia,-13.133897,27.849332,4328,1953,139
Jul,Zimbabwe,-19.015438,29.154857,2434,518,34
